-- MariaDB dump 10.17  Distrib 10.4.15-MariaDB, for Linux (x86_64)
--
-- Host: mysql.hostinger.ro    Database: u574849695_17
-- ------------------------------------------------------
-- Server version	10.4.15-MariaDB-cll-lve

/*!40101 SET @OLD_CHARACTER_SET_CLIENT=@@CHARACTER_SET_CLIENT */;
/*!40101 SET @OLD_CHARACTER_SET_RESULTS=@@CHARACTER_SET_RESULTS */;
/*!40101 SET @OLD_COLLATION_CONNECTION=@@COLLATION_CONNECTION */;
/*!40101 SET NAMES utf8mb4 */;
/*!40103 SET @OLD_TIME_ZONE=@@TIME_ZONE */;
/*!40103 SET TIME_ZONE='+00:00' */;
/*!40014 SET @OLD_UNIQUE_CHECKS=@@UNIQUE_CHECKS, UNIQUE_CHECKS=0 */;
/*!40014 SET @OLD_FOREIGN_KEY_CHECKS=@@FOREIGN_KEY_CHECKS, FOREIGN_KEY_CHECKS=0 */;
/*!40101 SET @OLD_SQL_MODE=@@SQL_MODE, SQL_MODE='NO_AUTO_VALUE_ON_ZERO' */;
/*!40111 SET @OLD_SQL_NOTES=@@SQL_NOTES, SQL_NOTES=0 */;

--
-- Table structure for table `communities`
--

DROP TABLE IF EXISTS `communities`;
/*!40101 SET @saved_cs_client     = @@character_set_client */;
/*!40101 SET character_set_client = utf8 */;
CREATE TABLE `communities` (
  `id` bigint(20) unsigned NOT NULL AUTO_INCREMENT,
  `name` varchar(145) COLLATE utf8mb4_unicode_ci NOT NULL,
  `description` varchar(245) COLLATE utf8mb4_unicode_ci DEFAULT NULL,
  PRIMARY KEY (`id`),
  UNIQUE KEY `id` (`id`),
  KEY `communities_name_idx` (`name`)
) ENGINE=InnoDB AUTO_INCREMENT=21 DEFAULT CHARSET=utf8mb4 COLLATE=utf8mb4_unicode_ci;
/*!40101 SET character_set_client = @saved_cs_client */;

--
-- Dumping data for table `communities`
--

LOCK TABLES `communities` WRITE;
/*!40000 ALTER TABLE `communities` DISABLE KEYS */;
INSERT INTO `communities` VALUES (1,'quisquam','Cum fugiat sunt nisi quis. Quaerat consequatur doloremque est ad ut ratione et repellendus. Exercitationem itaque odio ea enim dolor. Repudiandae est pariatur qui culpa.'),(2,'hic','Perferendis est sit voluptas alias ut rem tenetur. Perferendis suscipit voluptatem deleniti quod illum non qui. Illum in est non quia fugiat officia molestiae.'),(3,'cum','Ratione quia quisquam ut pariatur. Cumque vitae numquam dolore sunt. Laborum saepe et ut eveniet culpa.'),(4,'ut','Eius architecto voluptatem cum et et ipsum facilis. Dolorem consectetur accusamus facilis porro velit rerum non. Porro qui autem architecto est sed aut. Ipsam velit omnis autem ipsa enim.'),(5,'quod','Maiores tenetur incidunt aut dolorem est nemo. Qui minus sed excepturi et explicabo. Non numquam eveniet quisquam incidunt odio.'),(6,'quo','Non perferendis voluptates laborum nesciunt pariatur ea odit. Porro ex velit et iure sapiente est in. Iusto magnam sed est cupiditate in eveniet.'),(7,'illum','Debitis ut harum maiores commodi. Ab illum et reiciendis exercitationem nostrum consequatur quisquam. Incidunt eligendi enim dolorem eligendi iure.'),(8,'distinctio','Provident perferendis soluta consequatur et. Illo ea libero rerum laudantium.'),(9,'quisquam','Iste voluptatibus est molestiae molestiae et asperiores. Tenetur animi sunt omnis odit nihil. Ipsa animi sint totam et voluptatem. Nulla est quia dicta vero.'),(10,'omnis','Illum provident commodi incidunt quis sint nisi nam. Dolore quia doloribus non est. Voluptas nisi molestias nihil harum aspernatur quam.'),(11,'vitae','At possimus alias voluptatum autem. Est aperiam cupiditate cupiditate voluptatem dolores. Quod nemo ipsum molestias voluptas quia corporis eos.'),(12,'et','Ullam esse ut ut animi et vitae. Accusamus sit dolores voluptatem dignissimos. Excepturi dicta totam expedita dolores qui numquam et. Sit eum illo ut natus saepe et autem.'),(13,'dolorum','Architecto rerum ipsam id nam laboriosam soluta hic. Sequi voluptas voluptas ut exercitationem vel ea. Vel voluptas temporibus incidunt sunt placeat in aperiam. Amet quod ut ut soluta aut ut.'),(14,'delectus','Repellat eveniet odit ea repudiandae dolorem. Ut consequuntur voluptatem culpa itaque voluptatum est inventore.'),(15,'voluptatem','Provident et consequuntur dignissimos assumenda consectetur tenetur velit quaerat. Et repellendus ratione aut praesentium praesentium ut. Facilis enim et commodi.'),(16,'consectetur','Cum dolor consectetur aperiam quasi et voluptas eos sed. Ut dignissimos ab officia tempora nam omnis aut. In dolorem enim consequatur natus neque laborum.'),(17,'eveniet','Dicta et voluptatum et rerum et aperiam. Perspiciatis saepe earum laudantium voluptatum quia quo voluptatem. Cupiditate id sint tenetur. Quae voluptatem asperiores quasi autem quia.'),(18,'itaque','Soluta quis aspernatur nemo nemo aspernatur placeat iste et. Libero sed quod quas voluptatem. Dignissimos dolorem alias ea. Voluptas nulla reprehenderit dicta fugiat corporis temporibus aut.'),(19,'in','Et corrupti in nihil tempora vel et reprehenderit. Sit aut rerum fuga est veniam quis ullam.'),(20,'quae','Ut sed ducimus vitae nobis inventore. Nisi ut omnis tempore omnis. Dolorem earum fugiat placeat ex et sunt. Atque dolorem molestiae sit nobis quia architecto eius commodi.');
/*!40000 ALTER TABLE `communities` ENABLE KEYS */;
UNLOCK TABLES;

--
-- Table structure for table `communities_users`
--

DROP TABLE IF EXISTS `communities_users`;
/*!40101 SET @saved_cs_client     = @@character_set_client */;
/*!40101 SET character_set_client = utf8 */;
CREATE TABLE `communities_users` (
  `community_id` bigint(20) unsigned NOT NULL,
  `user_id` bigint(20) unsigned NOT NULL,
  `created_at` datetime NOT NULL DEFAULT current_timestamp(),
  PRIMARY KEY (`community_id`,`user_id`),
  KEY `communities_users_comm_idx` (`community_id`),
  KEY `communities_users_users_idx` (`user_id`),
  CONSTRAINT `communities_users_ibfk_1` FOREIGN KEY (`community_id`) REFERENCES `communities` (`id`),
  CONSTRAINT `communities_users_ibfk_2` FOREIGN KEY (`user_id`) REFERENCES `users` (`id`)
) ENGINE=InnoDB DEFAULT CHARSET=utf8mb4 COLLATE=utf8mb4_unicode_ci;
/*!40101 SET character_set_client = @saved_cs_client */;

--
-- Dumping data for table `communities_users`
--

LOCK TABLES `communities_users` WRITE;
/*!40000 ALTER TABLE `communities_users` DISABLE KEYS */;
INSERT INTO `communities_users` VALUES (1,57,'1999-01-14 22:37:55'),(1,58,'1984-02-12 15:11:56'),(1,63,'2017-11-22 04:09:32'),(1,72,'1978-04-10 20:57:52'),(2,26,'1978-01-11 18:07:44'),(2,50,'2015-12-15 15:39:03'),(2,62,'1973-07-01 01:53:11'),(2,64,'2013-04-27 05:05:35'),(3,2,'1994-05-08 07:48:35'),(3,4,'2016-07-09 14:22:09'),(3,50,'1973-02-27 05:21:26'),(3,67,'1979-05-06 10:24:43'),(4,1,'2018-10-21 03:36:15'),(4,32,'2003-08-20 01:21:49'),(4,75,'1970-07-07 12:29:14'),(4,89,'1985-09-03 17:35:59'),(5,7,'2018-04-25 04:55:33'),(5,92,'2002-08-01 19:15:59'),(6,33,'1984-08-18 07:17:38'),(6,99,'1998-03-21 23:26:39'),(7,5,'1986-02-12 16:12:21'),(7,53,'2018-03-15 03:04:07'),(7,58,'1998-03-29 12:30:36'),(8,15,'1994-03-18 18:51:36'),(8,42,'2012-08-04 18:05:41'),(8,99,'1981-01-25 04:11:15'),(10,12,'2016-02-16 17:51:44'),(10,19,'1985-11-04 04:06:58'),(11,42,'2002-11-15 03:32:15'),(12,18,'1982-12-15 05:05:34'),(12,55,'2000-11-05 06:09:31'),(12,74,'1996-02-11 14:14:49'),(12,77,'2008-12-01 01:10:54'),(13,33,'2000-08-09 02:58:11'),(13,38,'1972-12-30 05:53:40'),(13,45,'2014-12-04 13:23:08'),(14,16,'1983-05-20 00:21:04'),(14,19,'1981-07-17 21:08:00'),(14,23,'1994-01-30 21:57:15'),(14,30,'1983-02-28 14:51:10'),(14,34,'2005-10-09 18:32:31'),(14,46,'1979-01-05 05:27:36'),(14,92,'1996-08-10 20:00:40'),(15,31,'2002-08-03 12:12:36'),(15,75,'1973-05-03 19:44:32'),(15,79,'2009-04-23 16:39:10'),(16,88,'2015-09-28 22:44:52'),(17,49,'1979-12-17 02:50:37'),(17,55,'1999-12-31 17:47:41'),(17,60,'2002-08-05 06:59:21'),(18,6,'1998-12-28 15:08:34'),(18,45,'2013-04-01 20:06:18'),(18,88,'2001-12-09 23:15:49'),(18,93,'1994-07-11 11:48:52'),(18,97,'2012-09-24 17:23:27'),(19,86,'2008-04-16 21:15:32'),(19,89,'2008-08-20 13:14:15'),(20,1,'1982-03-15 21:59:20'),(20,10,'2008-04-16 00:11:56'),(20,79,'1997-08-30 21:29:38');
/*!40000 ALTER TABLE `communities_users` ENABLE KEYS */;
UNLOCK TABLES;

--
-- Table structure for table `friend_requests`
--

DROP TABLE IF EXISTS `friend_requests`;
/*!40101 SET @saved_cs_client     = @@character_set_client */;
/*!40101 SET character_set_client = utf8 */;
CREATE TABLE `friend_requests` (
  `from_user_id` bigint(20) unsigned NOT NULL,
  `to_user_id` bigint(20) unsigned NOT NULL,
  `accepted` tinyint(1) DEFAULT 0,
  PRIMARY KEY (`from_user_id`,`to_user_id`),
  KEY `fk_friend_requests_from_user_idx` (`from_user_id`),
  KEY `fk_friend_requests_to_user_idx` (`to_user_id`),
  CONSTRAINT `fk_friend_requests_users_1` FOREIGN KEY (`from_user_id`) REFERENCES `users` (`id`),
  CONSTRAINT `fk_friend_requests_users_2` FOREIGN KEY (`to_user_id`) REFERENCES `users` (`id`)
) ENGINE=InnoDB DEFAULT CHARSET=utf8mb4 COLLATE=utf8mb4_unicode_ci;
/*!40101 SET character_set_client = @saved_cs_client */;

--
-- Dumping data for table `friend_requests`
--

LOCK TABLES `friend_requests` WRITE;
/*!40000 ALTER TABLE `friend_requests` DISABLE KEYS */;
INSERT INTO `friend_requests` VALUES (4,70,0),(5,23,0),(5,67,1),(9,11,1),(10,80,0),(17,51,0),(19,83,1),(20,11,1),(20,73,0),(21,49,0),(28,26,0),(28,27,0),(29,61,1),(30,3,1),(33,34,1),(36,68,0),(39,80,0),(42,25,1),(46,8,0),(47,19,1),(47,39,1),(47,50,0),(48,85,0),(54,95,1),(55,26,1),(55,31,0),(59,17,0),(60,41,1),(61,88,0),(62,40,0),(63,43,1),(65,1,0),(66,44,0),(66,97,1),(69,28,1),(72,29,1),(74,2,1),(75,30,1),(77,46,0),(86,68,0),(89,76,1),(91,79,1),(92,100,1),(93,52,1),(93,57,1),(94,51,1),(95,55,0),(96,23,1),(96,89,1),(98,55,0);
/*!40000 ALTER TABLE `friend_requests` ENABLE KEYS */;
UNLOCK TABLES;

--
-- Table structure for table `media`
--

DROP TABLE IF EXISTS `media`;
/*!40101 SET @saved_cs_client     = @@character_set_client */;
/*!40101 SET character_set_client = utf8 */;
CREATE TABLE `media` (
  `id` bigint(20) unsigned NOT NULL AUTO_INCREMENT,
  `user_id` bigint(20) unsigned NOT NULL,
  `media_types_id` int(10) unsigned NOT NULL,
  `file_name` varchar(245) COLLATE utf8mb4_unicode_ci DEFAULT NULL COMMENT '/files/folder/img.png',
  `file_size` bigint(20) unsigned DEFAULT NULL,
  `created_at` datetime NOT NULL DEFAULT current_timestamp(),
  PRIMARY KEY (`id`),
  UNIQUE KEY `id` (`id`),
  KEY `media_users_idx` (`user_id`),
  KEY `media_media_types_idx` (`media_types_id`),
  CONSTRAINT `fk_media_media_types` FOREIGN KEY (`media_types_id`) REFERENCES `media_types` (`id`),
  CONSTRAINT `fk_media_users` FOREIGN KEY (`user_id`) REFERENCES `users` (`id`)
) ENGINE=InnoDB AUTO_INCREMENT=251 DEFAULT CHARSET=utf8mb4 COLLATE=utf8mb4_unicode_ci;
/*!40101 SET character_set_client = @saved_cs_client */;

--
-- Dumping data for table `media`
--

LOCK TABLES `media` WRITE;
/*!40000 ALTER TABLE `media` DISABLE KEYS */;
INSERT INTO `media` VALUES (1,4,3,'in',0,'2017-11-19 05:05:33'),(2,86,2,'quo',65245,'1995-06-07 21:28:56'),(3,52,4,'facilis',0,'1992-04-05 13:39:22'),(4,63,2,'voluptas',805113347,'2011-04-15 01:16:21'),(5,94,3,'magnam',15572661,'2002-03-05 20:53:48'),(6,87,4,'ut',573927,'1998-08-29 16:06:20'),(7,91,1,'ut',98444060,'1995-09-26 13:54:35'),(8,46,3,'voluptatum',0,'1992-03-13 15:16:06'),(9,4,3,'quia',7839518,'1991-03-05 15:16:15'),(10,80,4,'assumenda',903,'2010-10-14 00:26:50'),(11,78,4,'omnis',9526,'1982-06-22 18:16:17'),(12,78,1,'recusandae',1704,'1993-12-13 14:44:34'),(13,2,4,'eaque',85,'1989-06-22 22:00:15'),(14,52,1,'architecto',782,'2005-07-12 23:50:35'),(15,51,1,'fugit',6473218,'2009-06-28 21:56:32'),(16,59,3,'aspernatur',55133,'1997-04-07 20:21:24'),(17,87,2,'sed',3,'1998-08-03 11:53:45'),(18,83,2,'aut',843,'1972-06-14 04:01:43'),(19,33,2,'quia',388654,'1992-10-23 14:29:45'),(20,82,2,'amet',838110,'1988-03-07 11:16:40'),(21,17,3,'qui',212,'1974-03-28 16:04:56'),(22,25,1,'odio',81388640,'2006-02-08 00:58:29'),(23,76,3,'rerum',5536330,'1972-05-27 08:11:47'),(24,61,4,'voluptatum',65,'2012-01-05 01:33:12'),(25,26,2,'ducimus',856632748,'2019-02-19 03:20:55'),(26,57,1,'et',571,'2016-04-07 06:38:07'),(27,35,2,'repellat',331168778,'2014-06-15 16:09:50'),(28,4,2,'repellat',5936901,'2019-03-15 15:59:17'),(29,34,3,'vitae',97,'2014-10-25 19:50:53'),(30,53,4,'consequatur',51933267,'1976-10-20 12:35:37'),(31,76,1,'mollitia',6,'2015-05-10 01:20:39'),(32,39,3,'blanditiis',3688873,'1972-06-14 22:28:35'),(33,56,1,'consequatur',8778500,'1984-10-17 05:49:38'),(34,1,4,'quod',640,'2021-04-07 04:10:32'),(35,67,4,'sint',89224,'1970-04-08 03:31:58'),(36,14,4,'sed',79020,'1982-06-11 07:21:33'),(37,49,2,'eligendi',12631309,'2009-10-06 19:51:49'),(38,91,1,'modi',883511,'1999-02-12 20:12:54'),(39,8,3,'distinctio',49067,'1979-11-04 14:02:12'),(40,4,2,'vel',8167635,'2015-12-10 00:04:56'),(41,90,3,'consequatur',26,'2006-08-08 19:21:45'),(42,37,1,'dignissimos',722341711,'2019-05-07 05:16:00'),(43,95,2,'tenetur',23793824,'1974-03-15 22:00:55'),(44,62,2,'et',125971412,'1986-09-24 13:17:51'),(45,95,1,'nesciunt',6,'2010-01-06 20:10:26'),(46,13,3,'rerum',24068657,'2012-08-25 22:04:39'),(47,26,3,'tempora',2807736,'1986-01-18 10:37:32'),(48,32,4,'ut',0,'1982-01-19 06:04:14'),(49,73,2,'sunt',0,'2012-08-27 05:09:27'),(50,69,2,'nihil',770,'2004-04-22 10:51:01'),(51,13,4,'ad',14,'1988-10-31 00:10:19'),(52,22,3,'numquam',587267,'1991-06-24 20:15:36'),(53,20,1,'est',701369,'2019-05-28 10:13:21'),(54,86,2,'officiis',954680,'1999-03-23 06:53:24'),(55,63,4,'accusantium',92543005,'1984-11-07 07:16:59'),(56,61,3,'repellendus',92103,'2016-10-20 10:17:51'),(57,51,4,'voluptates',65,'2021-01-06 16:01:30'),(58,78,2,'est',7405,'1993-01-22 06:20:49'),(59,37,2,'libero',212538,'1991-04-07 19:39:49'),(60,74,2,'aut',11952546,'2021-02-14 02:40:24'),(61,52,4,'distinctio',40763624,'2020-04-24 05:43:03'),(62,1,4,'harum',239992147,'2018-10-12 18:01:45'),(63,37,2,'et',22116191,'1992-01-18 18:07:15'),(64,58,1,'rerum',5,'2002-12-26 19:03:43'),(65,65,2,'non',565770672,'2017-09-27 11:50:19'),(66,47,4,'vel',658859,'1972-12-06 10:31:35'),(67,8,3,'nihil',4,'1979-10-22 18:04:59'),(68,39,2,'qui',5,'2019-02-18 02:17:56'),(69,80,1,'itaque',572767189,'2008-03-20 04:22:55'),(70,54,2,'ut',8910186,'1985-06-28 04:30:14'),(71,15,1,'quibusdam',581229390,'2016-08-08 22:41:06'),(72,94,3,'enim',38,'1988-05-13 18:02:38'),(73,12,3,'aut',147,'2011-09-12 06:29:25'),(74,11,2,'aut',58165262,'1997-10-11 12:49:50'),(75,10,4,'sed',7043,'1993-05-22 06:22:31'),(76,80,3,'sunt',946452763,'1978-07-28 20:00:50'),(77,70,4,'et',6619881,'1988-05-03 20:41:03'),(78,38,1,'velit',923765561,'2018-03-02 16:55:43'),(79,14,4,'et',4003,'1980-07-02 01:28:24'),(80,15,4,'cumque',338782,'1970-02-08 14:14:08'),(81,22,3,'esse',954444,'1975-09-23 20:22:32'),(82,55,2,'quidem',49983372,'2020-08-04 14:44:37'),(83,30,4,'ut',533082,'2017-06-19 03:23:02'),(84,55,1,'quisquam',443,'2019-03-29 15:01:07'),(85,18,1,'velit',327,'2021-05-18 20:04:38'),(86,52,2,'fuga',7696,'1987-02-11 17:36:18'),(87,23,2,'temporibus',5,'1992-01-08 12:44:53'),(88,98,2,'dolorem',72,'1970-08-27 08:26:53'),(89,16,1,'reprehenderit',91418935,'1985-04-08 05:28:42'),(90,82,2,'veritatis',34895,'2001-07-29 01:08:24'),(91,91,3,'autem',8642815,'2008-12-04 22:33:43'),(92,86,3,'itaque',82,'2011-05-31 23:32:24'),(93,42,1,'blanditiis',5173,'2008-06-17 20:37:14'),(94,67,3,'autem',6639565,'1972-11-08 13:54:56'),(95,20,4,'et',54672,'2012-02-16 14:02:45'),(96,33,2,'asperiores',656306807,'2008-11-16 11:35:37'),(97,43,4,'placeat',0,'1997-07-15 04:54:25'),(98,70,3,'culpa',135131,'1999-08-15 04:26:09'),(99,80,1,'a',874338,'2018-09-11 14:05:54'),(100,83,4,'at',913005,'2002-07-09 05:11:09'),(101,33,2,'aut',0,'1977-11-12 17:39:04'),(102,30,3,'quia',0,'2018-07-19 20:47:35'),(103,79,2,'velit',9,'2002-06-27 17:13:09'),(104,89,4,'numquam',246122,'1981-05-21 16:23:02'),(105,34,3,'rerum',1765763,'1978-06-16 14:57:16'),(106,20,1,'voluptatibus',7867,'1971-11-24 16:17:57'),(107,32,1,'impedit',74,'1980-02-13 07:37:53'),(108,85,3,'aperiam',1752927,'1999-05-04 12:12:46'),(109,30,3,'adipisci',941270,'1991-11-05 13:15:44'),(110,29,2,'nobis',8,'1992-06-14 01:33:39'),(111,32,3,'itaque',0,'1982-05-06 03:03:39'),(112,90,3,'quam',4,'2000-12-20 02:28:48'),(113,47,3,'cum',7893,'1984-11-20 11:00:17'),(114,48,2,'ipsum',12,'1995-11-19 22:02:14'),(115,83,2,'earum',0,'2014-02-09 02:32:45'),(116,24,1,'sit',24,'1990-08-15 20:31:29'),(117,64,3,'quaerat',0,'1989-08-11 20:56:12'),(118,70,2,'blanditiis',7,'2018-08-30 06:05:46'),(119,80,3,'asperiores',9582818,'1996-03-02 00:10:40'),(120,37,1,'voluptates',0,'2011-07-10 04:20:20'),(121,29,3,'sed',428268120,'2005-06-08 11:38:17'),(122,39,3,'quia',2,'1975-07-14 08:23:04'),(123,62,1,'sit',542160,'2014-03-25 11:27:55'),(124,35,4,'quam',36920,'1989-02-20 19:39:25'),(125,74,3,'quia',850,'2009-02-02 09:55:02'),(126,39,1,'dicta',69514,'1989-01-16 17:51:45'),(127,23,2,'ut',7844,'2001-09-21 15:48:12'),(128,81,3,'facere',209174964,'2009-04-03 22:34:55'),(129,87,2,'nam',1157,'1984-09-16 08:31:17'),(130,96,3,'nobis',938710399,'2016-07-05 14:50:51'),(131,58,1,'nemo',277,'2013-10-15 05:55:53'),(132,84,1,'qui',5,'1974-04-26 11:47:05'),(133,73,3,'cum',7,'2020-07-06 17:51:28'),(134,63,3,'eligendi',3,'1975-04-19 11:01:55'),(135,12,4,'similique',9,'2003-11-13 11:33:54'),(136,66,2,'possimus',2803976,'1980-08-17 12:31:47'),(137,55,1,'sed',42959505,'1999-05-05 03:19:08'),(138,2,1,'quia',46129966,'1994-06-26 22:34:54'),(139,27,2,'necessitatibus',329,'2002-08-12 09:25:35'),(140,6,1,'exercitationem',614,'1987-03-20 14:07:34'),(141,99,2,'explicabo',50280176,'2007-06-28 06:09:49'),(142,6,1,'facere',0,'2000-01-02 02:39:07'),(143,74,4,'id',48408343,'1993-02-28 18:01:56'),(144,91,3,'voluptatibus',70603,'1979-09-10 07:42:31'),(145,14,4,'doloremque',259,'1993-10-18 05:12:57'),(146,29,3,'similique',761526202,'1983-04-30 00:47:44'),(147,5,1,'nam',536753274,'2011-06-15 11:31:51'),(148,92,4,'perferendis',45160,'1970-01-28 12:54:53'),(149,66,3,'eaque',104251,'2018-05-12 22:54:46'),(150,29,4,'aut',8012,'1976-02-14 01:06:33'),(151,53,4,'beatae',46328332,'2014-12-07 02:12:59'),(152,19,1,'eligendi',1662943,'1973-10-14 16:34:17'),(153,98,1,'suscipit',73,'1998-10-30 13:09:19'),(154,23,1,'consequatur',59,'1990-02-24 02:26:15'),(155,56,2,'voluptates',581,'1989-01-14 15:05:45'),(156,25,3,'molestiae',47550458,'1971-04-12 22:52:11'),(157,74,2,'nihil',8485395,'1976-05-03 02:05:52'),(158,75,2,'quo',163880,'2003-07-10 21:37:58'),(159,16,3,'sed',5725,'1974-02-06 00:32:54'),(160,6,2,'est',6282,'1974-07-06 17:05:27'),(161,51,2,'quia',60903,'1971-07-17 00:19:19'),(162,1,3,'fugit',117019,'2006-03-08 09:55:11'),(163,46,4,'rerum',28,'1982-11-01 05:02:47'),(164,33,1,'aut',3711,'2002-10-23 03:00:45'),(165,47,3,'ut',9179652,'1995-05-17 20:59:54'),(166,89,4,'ut',4,'2006-07-14 09:55:21'),(167,56,1,'molestiae',423115467,'2010-03-04 06:11:24'),(168,7,3,'est',51,'2006-10-19 07:50:49'),(169,26,2,'cupiditate',76593,'1978-06-01 07:58:29'),(170,77,4,'corporis',224605,'2017-03-07 16:01:25'),(171,58,1,'voluptatem',881120796,'1994-09-15 11:07:11'),(172,36,2,'necessitatibus',265870281,'1970-02-14 03:19:13'),(173,31,1,'velit',836162,'1979-05-13 01:44:13'),(174,77,2,'sunt',91,'2011-09-29 13:23:48'),(175,75,4,'omnis',9,'2014-11-12 21:48:12'),(176,77,1,'dolorem',1365575,'2001-12-04 20:12:29'),(177,16,4,'sunt',2,'2009-12-30 20:15:32'),(178,81,3,'a',60,'1992-10-15 07:35:56'),(179,70,1,'quis',175,'1995-07-26 09:34:24'),(180,72,1,'molestiae',76839533,'1988-05-07 22:51:30'),(181,74,3,'pariatur',339186,'1995-11-01 21:35:42'),(182,16,2,'corporis',6,'2015-02-26 22:27:57'),(183,67,1,'quia',0,'2006-05-12 21:40:25'),(184,83,4,'quis',568415,'1981-07-12 17:04:27'),(185,52,3,'ab',3845,'1988-10-11 01:05:17'),(186,74,1,'dicta',4,'1997-09-21 15:56:28'),(187,60,1,'recusandae',7582,'2001-10-08 02:09:04'),(188,39,4,'qui',91,'2006-02-12 16:35:46'),(189,19,1,'vel',604160,'1999-08-21 06:33:53'),(190,38,4,'nihil',2,'1977-11-11 06:52:58'),(191,97,1,'ut',35486,'1991-04-06 00:42:07'),(192,18,1,'adipisci',4004851,'1996-08-29 12:28:11'),(193,91,4,'quo',0,'2001-12-24 08:53:38'),(194,73,3,'aut',960050965,'2011-12-04 14:15:08'),(195,10,2,'quia',0,'2010-11-06 15:27:23'),(196,77,4,'earum',8,'1980-09-30 12:40:59'),(197,5,4,'et',17517010,'1993-10-25 17:03:51'),(198,13,3,'quo',0,'1994-05-19 15:18:51'),(199,16,4,'voluptatibus',763838,'2014-09-20 03:21:21'),(200,64,3,'vel',466543,'2010-06-02 03:56:11'),(201,55,2,'optio',54397,'1972-06-22 21:12:37'),(202,75,1,'corrupti',4,'1979-05-24 12:02:03'),(203,46,1,'ab',218489,'2018-09-18 05:52:29'),(204,5,3,'velit',943192,'1992-11-09 22:55:28'),(205,27,2,'eum',0,'1984-09-06 05:06:01'),(206,57,1,'ut',0,'2002-05-27 02:43:43'),(207,57,3,'blanditiis',2505593,'1973-12-26 23:16:41'),(208,35,2,'culpa',95,'1991-11-13 11:47:35'),(209,71,1,'sed',71539,'1993-10-19 00:48:05'),(210,8,4,'quod',858864317,'1972-01-04 05:40:48'),(211,53,4,'nobis',5116,'1994-06-18 16:14:15'),(212,64,3,'tempore',51956,'2008-06-03 21:50:59'),(213,78,4,'odit',515619687,'1986-10-26 13:23:27'),(214,29,4,'ullam',0,'2015-07-14 12:57:25'),(215,72,4,'quidem',1,'1991-02-10 16:40:26'),(216,59,2,'in',95,'2004-05-04 22:12:40'),(217,29,2,'qui',0,'2017-10-13 09:08:17'),(218,40,3,'quisquam',261807477,'1980-04-25 11:43:05'),(219,45,2,'dolor',761107,'1991-08-14 02:33:18'),(220,39,3,'fuga',0,'1991-05-14 04:38:06'),(221,88,4,'eaque',4450971,'2012-12-10 03:25:47'),(222,95,2,'quia',21996,'1971-05-14 09:19:37'),(223,68,2,'eum',56196,'1973-01-16 11:39:26'),(224,91,2,'rerum',110,'1975-10-02 08:00:31'),(225,37,4,'dolor',380060349,'1983-12-09 06:08:14'),(226,19,4,'et',29967,'2001-04-09 10:16:36'),(227,83,4,'laudantium',0,'2013-02-24 08:49:31'),(228,47,3,'aspernatur',43596597,'1993-05-13 20:21:19'),(229,60,3,'magnam',598615266,'1984-08-20 13:45:15'),(230,53,2,'dolorem',793,'1974-05-18 17:33:27'),(231,67,1,'laboriosam',510,'1971-04-26 06:34:12'),(232,58,4,'facere',8149937,'1974-07-31 08:31:06'),(233,44,4,'aperiam',58928,'2017-12-08 09:34:18'),(234,70,4,'excepturi',8,'1986-07-19 03:45:45'),(235,42,1,'deserunt',8989936,'1995-01-23 13:50:14'),(236,60,2,'porro',0,'1975-05-10 10:04:55'),(237,3,3,'atque',2,'1994-02-15 13:13:11'),(238,73,3,'itaque',581099662,'1993-01-30 09:06:40'),(239,83,3,'est',3168,'1981-12-04 03:26:01'),(240,8,1,'doloremque',45885154,'1977-03-27 08:52:05'),(241,61,2,'aut',23038,'1997-11-27 18:57:45'),(242,9,2,'labore',6655428,'1983-05-11 02:07:00'),(243,9,3,'enim',29222,'1974-12-30 05:26:40'),(244,4,3,'enim',31494545,'2016-03-18 22:18:22'),(245,30,3,'sit',296,'1994-09-15 19:22:19'),(246,99,4,'est',920237,'1987-07-28 15:04:00'),(247,67,3,'veritatis',265857,'2006-06-29 10:57:31'),(248,92,1,'nobis',15801,'1973-03-11 07:02:05'),(249,53,3,'odit',81410650,'1985-03-25 14:49:44'),(250,98,4,'consequatur',92347,'2014-12-10 00:58:13');
/*!40000 ALTER TABLE `media` ENABLE KEYS */;
UNLOCK TABLES;

--
-- Table structure for table `media_types`
--

DROP TABLE IF EXISTS `media_types`;
/*!40101 SET @saved_cs_client     = @@character_set_client */;
/*!40101 SET character_set_client = utf8 */;
CREATE TABLE `media_types` (
  `id` int(10) unsigned NOT NULL AUTO_INCREMENT,
  `name` varchar(45) COLLATE utf8mb4_unicode_ci NOT NULL,
  PRIMARY KEY (`id`),
  UNIQUE KEY `name` (`name`)
) ENGINE=InnoDB AUTO_INCREMENT=5 DEFAULT CHARSET=utf8mb4 COLLATE=utf8mb4_unicode_ci;
/*!40101 SET character_set_client = @saved_cs_client */;

--
-- Dumping data for table `media_types`
--

LOCK TABLES `media_types` WRITE;
/*!40000 ALTER TABLE `media_types` DISABLE KEYS */;
INSERT INTO `media_types` VALUES (3,'dolor'),(2,'eveniet'),(4,'magnam'),(1,'quia');
/*!40000 ALTER TABLE `media_types` ENABLE KEYS */;
UNLOCK TABLES;

--
-- Table structure for table `messages`
--

DROP TABLE IF EXISTS `messages`;
/*!40101 SET @saved_cs_client     = @@character_set_client */;
/*!40101 SET character_set_client = utf8 */;
CREATE TABLE `messages` (
  `id` bigint(20) unsigned NOT NULL AUTO_INCREMENT,
  `from_user_id` bigint(20) unsigned NOT NULL,
  `to_user_id` bigint(20) unsigned NOT NULL,
  `txt` text COLLATE utf8mb4_unicode_ci NOT NULL,
  `is_delivered` tinyint(1) DEFAULT 0,
  `created_at` datetime NOT NULL DEFAULT current_timestamp(),
  `updated_at` datetime DEFAULT current_timestamp() ON UPDATE current_timestamp() COMMENT 'Время обновления строки',
  PRIMARY KEY (`id`),
  UNIQUE KEY `id` (`id`),
  KEY `fk_messages_from_user_idx` (`from_user_id`),
  KEY `fk_messages_to_user_idx` (`to_user_id`),
  CONSTRAINT `fk_messages_users_1` FOREIGN KEY (`from_user_id`) REFERENCES `users` (`id`),
  CONSTRAINT `fk_messages_users_2` FOREIGN KEY (`to_user_id`) REFERENCES `users` (`id`)
) ENGINE=InnoDB AUTO_INCREMENT=201 DEFAULT CHARSET=utf8mb4 COLLATE=utf8mb4_unicode_ci;
/*!40101 SET character_set_client = @saved_cs_client */;

--
-- Dumping data for table `messages`
--

LOCK TABLES `messages` WRITE;
/*!40000 ALTER TABLE `messages` DISABLE KEYS */;
INSERT INTO `messages` VALUES (1,78,88,'Et dolor eligendi ad et architecto sunt et id.',1,'1990-07-02 22:36:48','2018-11-16 02:03:53'),(2,16,43,'Eveniet enim sit facilis esse iste et.',0,'1984-03-11 05:46:41','2017-07-05 03:11:59'),(3,60,9,'Ut maxime consequatur iusto est sunt ea nemo.',1,'2008-04-15 06:07:42','1994-07-29 04:35:52'),(4,71,48,'Dicta accusantium accusamus hic explicabo nulla.',0,'2004-06-07 15:17:38','1999-04-21 22:33:04'),(5,72,81,'Esse in tenetur iusto.',1,'1986-01-24 02:08:10','2002-10-31 22:40:45'),(6,11,19,'Veniam et vitae omnis voluptas.',1,'1995-04-14 07:25:21','1998-05-15 01:32:50'),(7,15,30,'Consectetur corrupti atque est sequi enim occaecati.',0,'2018-03-08 02:26:47','1974-06-04 22:25:33'),(8,54,20,'Eligendi vel molestiae necessitatibus laudantium ipsam at sunt harum.',0,'2016-10-31 20:50:03','1971-03-19 21:46:02'),(9,8,64,'Reprehenderit hic suscipit eligendi cumque.',0,'2007-01-22 22:11:18','2005-06-18 08:25:04'),(10,15,39,'Ut architecto eos explicabo facilis sit ut quod.',1,'1995-09-12 11:36:14','1993-06-12 21:58:32'),(11,5,81,'Fugiat eius illo beatae ex aut quasi porro.',1,'2006-03-27 06:01:10','1979-12-02 12:46:08'),(12,78,74,'Accusamus repellat enim suscipit qui ipsa.',0,'1988-09-22 02:00:34','1982-03-25 16:16:11'),(13,5,63,'Aperiam eos optio corrupti ea ullam aut sed.',0,'2006-07-05 21:40:47','2019-02-15 06:21:56'),(14,97,43,'Aliquid aut suscipit in.',0,'2005-10-12 00:26:11','2008-07-03 04:59:29'),(15,60,13,'Dicta libero nihil aspernatur.',1,'1997-03-19 16:44:33','2009-02-28 09:32:41'),(16,26,38,'Cumque magni repellat ipsa fuga.',0,'1974-10-26 12:46:25','2015-06-09 03:44:04'),(17,1,42,'Beatae iusto et aspernatur.',0,'2019-11-09 06:28:06','1999-10-03 07:22:25'),(18,80,60,'Aut aut aperiam ut in est nostrum explicabo quisquam.',1,'2010-03-30 13:37:29','1992-04-08 17:50:26'),(19,51,51,'Quod ipsum iure laboriosam optio impedit mollitia.',0,'1987-01-21 02:51:53','1980-08-31 17:18:54'),(20,7,22,'Laudantium quia quis porro sed saepe ipsum est voluptate.',1,'2011-06-01 08:14:38','2001-06-16 05:17:07'),(21,31,18,'Voluptates tenetur eum est vero ipsum iusto doloremque.',1,'1978-04-11 02:17:48','2002-06-27 06:54:28'),(22,41,46,'Voluptatem voluptates et voluptas quaerat dolor.',1,'2005-07-20 02:27:05','2013-05-13 23:27:44'),(23,48,94,'Et eum asperiores rem nam officiis.',0,'1997-01-12 12:39:04','1988-01-16 12:22:29'),(24,65,55,'Animi beatae praesentium quia ab.',1,'2001-07-23 20:28:53','1998-07-12 07:39:02'),(25,58,80,'Qui nemo dolore iusto est.',0,'1995-07-10 22:58:13','1978-02-23 22:35:38'),(26,94,62,'Dignissimos magni eum sequi nisi odio.',1,'2003-11-04 07:29:43','1997-06-09 11:50:15'),(27,60,71,'Repellendus qui dignissimos molestias amet eveniet id quia.',1,'1988-11-06 17:50:44','2009-07-04 10:10:52'),(28,35,65,'Sed ut praesentium doloribus facilis consequatur qui explicabo.',0,'1980-04-11 22:46:44','1970-02-27 03:31:07'),(29,34,32,'Ex voluptate quia omnis quisquam at consequatur quia voluptatibus.',1,'2020-10-12 22:35:09','2000-04-20 12:45:38'),(30,7,94,'Dolores alias consequatur quaerat et modi.',1,'2019-02-20 17:48:09','2018-07-08 18:28:03'),(31,44,33,'Libero vero consequatur sed sapiente optio.',0,'1976-07-15 10:47:27','1985-09-24 01:22:05'),(32,32,45,'Quia nesciunt neque recusandae et earum sit.',1,'2013-01-05 10:04:07','2018-11-18 09:28:02'),(33,74,11,'Repellat laudantium unde accusamus voluptate ipsum.',1,'1989-06-19 16:10:57','2011-02-15 08:17:06'),(34,4,25,'Ratione quo et voluptate eum nulla.',0,'1973-08-10 00:31:31','2017-11-08 08:27:51'),(35,62,11,'Labore ipsum laudantium libero.',1,'2013-08-19 13:44:28','1995-10-19 05:56:30'),(36,46,93,'Quo quis officia et magni at facere.',0,'1990-11-19 03:31:01','1993-06-05 13:40:58'),(37,29,86,'Voluptas repudiandae voluptas sed placeat.',0,'1995-12-12 11:08:10','1977-06-14 06:41:55'),(38,38,76,'Mollitia ex eveniet dolor in voluptatem explicabo.',1,'1979-06-10 00:22:05','1983-09-12 04:43:03'),(39,80,3,'Sed ea tempore nihil delectus porro velit.',1,'2001-12-11 12:38:28','1990-10-11 14:20:25'),(40,31,37,'Nemo iure omnis harum ducimus corporis quis et.',0,'1979-12-29 01:09:30','1991-05-09 17:15:15'),(41,82,24,'Et repudiandae autem accusamus iure consequatur sint explicabo consequatur.',0,'1977-04-17 01:32:11','1976-01-25 08:11:10'),(42,98,42,'Saepe atque et autem reiciendis ut molestiae expedita.',1,'1989-03-11 19:25:04','2017-05-09 11:48:33'),(43,95,33,'Laboriosam natus corporis quia eos voluptas.',0,'1973-05-21 05:51:06','1988-11-24 23:48:37'),(44,6,28,'Nulla odit eligendi similique maxime et dolores.',0,'1973-03-13 02:53:33','2000-01-23 12:50:02'),(45,64,13,'Id esse perferendis exercitationem culpa consectetur vitae eaque velit.',0,'2003-01-01 02:14:50','2014-12-30 01:12:37'),(46,21,8,'Magni maxime nostrum voluptatum.',0,'1981-08-26 18:36:29','1983-05-11 00:26:09'),(47,45,52,'Voluptates exercitationem nesciunt et porro totam.',1,'1983-06-19 06:21:45','1971-07-18 09:13:32'),(48,52,18,'Velit ad incidunt ad dolore est.',1,'2015-03-18 01:48:49','2003-06-18 22:34:46'),(49,63,56,'Atque occaecati doloremque dolore.',1,'2009-12-02 09:55:57','2013-04-12 18:59:00'),(50,42,25,'Explicabo aut quisquam harum quidem dolorum iure facere.',1,'1987-06-01 23:04:26','1997-11-19 01:35:52'),(51,67,88,'Dolor aliquam voluptas fugit itaque iste.',0,'2011-11-05 14:29:01','1990-03-07 07:56:47'),(52,17,95,'Eligendi numquam velit amet dolorem.',0,'1974-04-06 12:27:18','2006-12-12 06:26:41'),(53,74,55,'Et voluptas non unde dolore est.',1,'1985-04-30 19:58:12','1992-06-26 11:29:39'),(54,71,53,'Totam et fugiat earum dolorem.',0,'1988-02-08 02:39:16','2013-09-19 17:55:27'),(55,58,1,'Debitis quidem sed dolorem officiis tempore molestiae praesentium.',1,'1998-11-04 06:08:28','1977-03-06 18:03:58'),(56,90,39,'Autem at aspernatur magnam incidunt quae ducimus fugiat.',1,'1995-12-04 09:07:14','1978-03-07 14:47:17'),(57,25,87,'Aperiam et qui quibusdam qui voluptate qui.',1,'1974-12-31 18:53:12','2010-07-11 12:13:23'),(58,81,19,'Odit explicabo facilis qui ducimus.',0,'1996-10-16 02:03:05','1974-12-23 11:51:14'),(59,19,87,'Quos error quos qui laboriosam rerum pariatur ad.',1,'1982-11-06 11:44:59','1972-12-16 00:46:22'),(60,46,82,'Et et enim eos sint error.',0,'1977-01-15 02:36:39','2019-11-14 06:30:26'),(61,99,67,'Dolorem sequi animi autem ipsum.',1,'1993-09-22 19:30:08','1973-06-14 18:21:22'),(62,90,43,'Cumque ipsam rerum quia fuga optio maxime.',1,'2010-01-28 19:04:05','2010-04-25 05:24:01'),(63,18,41,'Hic suscipit nihil molestiae ea nemo soluta et.',0,'1980-02-16 18:34:35','2008-01-06 11:30:00'),(64,61,81,'Eos enim dolor et debitis dolores.',0,'1983-08-14 17:15:19','1989-02-02 12:40:52'),(65,97,3,'Aperiam illum velit aut debitis quo cumque aut ex.',0,'2000-10-03 02:35:25','1972-04-25 22:31:30'),(66,5,63,'Veritatis explicabo non voluptas qui eveniet.',0,'2011-02-27 10:08:04','2019-05-17 20:15:17'),(67,91,22,'Rerum velit deserunt omnis laboriosam est magnam facilis.',1,'1983-01-12 21:26:47','2015-01-26 15:33:45'),(68,58,64,'Accusantium explicabo et fugiat voluptas quis.',1,'2011-11-28 07:43:22','2008-10-20 01:12:07'),(69,76,28,'Et rerum non ut ab.',1,'1980-01-07 08:00:59','1983-03-07 00:52:41'),(70,17,33,'Dignissimos aut molestias libero ut quaerat aut.',1,'2018-04-10 19:47:24','2001-11-24 07:54:26'),(71,29,6,'A iure consectetur dignissimos repudiandae sed.',0,'1981-11-27 21:29:16','2016-12-15 13:23:35'),(72,72,53,'Quia voluptates accusamus maxime ullam qui et hic ratione.',0,'2011-07-30 04:31:36','1980-12-24 15:00:12'),(73,93,52,'Adipisci blanditiis impedit voluptas explicabo ipsa totam non cupiditate.',1,'1979-09-11 05:41:10','2004-04-22 22:06:28'),(74,71,11,'Dolor sint debitis et.',1,'2010-04-04 17:33:08','2016-01-03 10:14:12'),(75,39,17,'Mollitia quia magnam cum dolore.',1,'2017-06-20 23:22:30','2018-04-05 11:23:40'),(76,93,37,'Labore neque omnis vero et fuga.',1,'2018-09-22 07:15:48','1993-03-21 04:27:03'),(77,83,83,'Non earum eum error nesciunt necessitatibus odio eum sequi.',1,'2002-10-17 11:32:09','2020-08-20 16:44:35'),(78,80,1,'Unde similique ipsam deleniti enim.',1,'1995-04-16 02:21:19','1990-06-26 15:10:38'),(79,24,40,'Blanditiis et quia molestiae esse fuga voluptatibus.',0,'2014-12-17 06:28:27','1981-11-03 22:33:11'),(80,82,20,'Veritatis omnis eos voluptatem et.',0,'2016-03-15 17:46:44','1993-07-12 21:47:08'),(81,43,87,'Commodi quia ipsum et.',1,'2006-10-24 06:45:28','1986-03-01 01:23:01'),(82,83,33,'Nihil exercitationem iste voluptas dolorem.',1,'2016-07-29 22:49:29','1977-08-03 15:33:33'),(83,8,40,'In blanditiis aut eveniet aut autem quidem repellendus.',1,'1970-03-25 23:46:40','1999-07-08 02:00:54'),(84,97,84,'Dolore eveniet id sequi saepe voluptatum consequatur harum.',0,'1984-09-06 11:10:23','2018-11-28 22:28:53'),(85,68,14,'Tenetur soluta beatae maxime est est tenetur.',1,'1988-06-06 22:03:04','1994-10-31 19:10:29'),(86,16,96,'Quia omnis beatae repellendus ut et.',0,'1979-05-30 17:52:18','1972-10-02 12:38:44'),(87,20,88,'Voluptatibus et consequatur eius non modi.',0,'2012-03-02 18:08:38','2009-09-04 08:36:39'),(88,49,12,'Magni porro pariatur quam est blanditiis sapiente.',0,'2021-04-21 04:58:12','1972-06-11 17:02:39'),(89,40,19,'Sunt aspernatur soluta suscipit.',1,'1976-06-16 04:14:23','1972-09-19 09:56:20'),(90,23,78,'Aut in id delectus a illum.',1,'2014-03-21 22:41:55','1972-10-18 13:36:35'),(91,36,16,'Ipsa sapiente voluptas et quibusdam.',0,'2002-05-28 03:53:45','1984-03-07 08:05:28'),(92,14,18,'Nihil ullam ab nulla magnam et voluptas.',1,'1972-01-15 21:50:53','1973-01-22 02:18:37'),(93,98,94,'Magni aut sint rem aperiam consectetur qui nihil.',0,'2017-09-17 11:26:55','1988-05-05 05:30:10'),(94,19,21,'Labore aut id atque non dolorem.',1,'1990-03-17 00:36:38','1988-03-22 15:26:53'),(95,33,1,'Qui consequatur sapiente sed nulla molestias est quisquam.',1,'1994-04-05 09:25:03','2001-09-08 05:31:23'),(96,41,75,'Dolorem quam optio aut molestiae.',1,'1976-01-11 03:54:06','1990-02-20 16:04:24'),(97,87,23,'Nisi nihil porro minus dicta laborum.',0,'1993-03-10 14:02:42','1993-03-05 04:27:19'),(98,8,94,'Sit est atque in qui deserunt sint.',0,'1972-02-06 19:02:07','1982-07-18 15:49:11'),(99,62,4,'Corporis aspernatur iusto exercitationem architecto velit quo a.',1,'1988-08-30 02:02:11','1972-04-04 03:02:03'),(100,77,30,'Ipsum sit et quam sunt maxime.',0,'2014-06-25 05:24:13','2012-05-05 01:31:53'),(101,17,93,'Enim blanditiis pariatur rerum minima tempora.',0,'2011-06-13 15:58:59','1983-04-06 20:21:12'),(102,25,37,'Quaerat ea qui amet nihil vel at autem.',1,'2013-04-23 08:19:53','1980-03-21 18:08:56'),(103,80,74,'Aut ut itaque sit itaque consequuntur.',1,'1972-07-26 04:17:11','2009-09-27 21:21:36'),(104,48,19,'Maxime id delectus et non atque.',0,'1996-07-06 20:06:58','1979-05-25 03:20:49'),(105,92,71,'Veniam delectus amet non eum.',1,'2020-01-20 07:26:20','1974-03-22 11:50:31'),(106,97,28,'Et est optio dolores sed.',1,'2006-01-14 20:00:20','1974-07-26 21:01:55'),(107,86,11,'Autem nihil ut reprehenderit consequatur facere et.',1,'1993-08-20 22:00:34','1992-05-25 06:40:55'),(108,46,83,'Sapiente voluptas quia consequatur id quam quaerat.',0,'2003-11-07 17:40:08','1996-03-29 21:42:21'),(109,4,64,'Iste fugiat voluptatem suscipit rerum omnis.',1,'1973-11-18 01:15:42','1971-05-15 17:32:46'),(110,4,37,'Velit rerum autem ipsa beatae aspernatur soluta.',1,'2000-07-21 17:16:30','2012-03-04 20:04:58'),(111,64,44,'Esse saepe eveniet quis neque quam eveniet.',1,'2005-01-29 16:45:54','2009-03-26 21:45:05'),(112,12,50,'Laboriosam molestiae perspiciatis labore architecto harum odit.',1,'2006-07-26 09:52:18','1979-05-14 16:42:53'),(113,66,19,'Illo velit placeat quidem minus.',0,'2016-04-25 19:11:49','2010-10-07 19:21:08'),(114,44,28,'Omnis ut voluptatem a distinctio reprehenderit consequuntur eveniet.',0,'1972-08-06 21:53:41','1994-08-23 04:42:10'),(115,22,20,'Quam voluptatem veniam debitis atque et delectus pariatur possimus.',1,'1999-03-14 20:23:01','1997-05-23 13:16:51'),(116,57,39,'Exercitationem autem hic esse velit nisi nisi possimus.',1,'1998-06-29 17:03:47','1997-04-18 00:45:19'),(117,12,82,'Qui iste veniam aut repellat dolor.',0,'1977-09-21 22:55:14','2018-09-25 17:38:06'),(118,75,92,'Sed cupiditate voluptas dolorem inventore aut ullam ex.',1,'1984-06-17 11:05:52','2020-01-25 18:07:23'),(119,55,23,'Reiciendis ullam iusto eos at voluptatum perferendis.',0,'1987-08-07 19:24:31','1990-10-01 11:55:29'),(120,11,47,'Vitae dolorum odio dicta.',1,'2005-12-13 18:53:32','2005-05-07 06:24:12'),(121,93,7,'Voluptatum minus magnam facere officia ea minus dolor.',0,'1986-05-16 03:43:25','1979-04-16 20:24:58'),(122,74,78,'Provident illo architecto labore non.',1,'2020-10-26 02:47:13','1972-01-30 23:56:23'),(123,17,20,'Id sunt esse aut sit maiores.',1,'2014-03-12 15:07:25','2008-02-13 16:29:59'),(124,61,21,'Et adipisci ut maxime sunt.',1,'1979-12-13 06:59:11','2005-01-26 07:55:57'),(125,83,64,'Aperiam optio repellendus sit eos enim dolores.',1,'1989-09-23 13:33:57','2014-04-27 05:37:35'),(126,57,47,'In ipsam excepturi ipsa et necessitatibus sit.',0,'1971-09-03 03:19:21','1998-01-29 09:35:51'),(127,7,68,'Eum sequi quis eum ut esse consequatur iure omnis.',1,'1997-10-04 09:56:17','1994-03-18 20:23:47'),(128,97,73,'Nostrum maxime quibusdam fugiat fugiat repellendus.',1,'1993-02-16 16:31:48','2004-06-21 10:07:07'),(129,86,40,'Voluptatem eum sunt velit voluptatem ducimus sint ipsa.',0,'2002-10-12 09:46:37','1997-01-14 06:49:18'),(130,100,8,'Est mollitia animi quaerat doloremque autem.',0,'1990-12-14 16:31:51','2017-03-18 16:12:26'),(131,60,57,'Expedita pariatur accusamus impedit qui minima velit id.',1,'1981-03-25 19:50:07','1973-02-14 22:13:49'),(132,47,72,'Quasi fugit ab sapiente.',1,'1973-12-07 16:40:23','1987-04-02 12:41:05'),(133,39,22,'Dolorum veniam sit et assumenda.',0,'2016-11-30 19:28:48','1982-01-04 12:54:34'),(134,64,94,'Saepe optio qui velit.',1,'2000-07-01 00:07:40','1989-12-06 14:08:10'),(135,44,74,'Libero quis explicabo omnis eius incidunt a.',1,'1973-11-18 12:26:38','1988-09-13 12:03:41'),(136,40,37,'Non ex rem voluptatem tempora ullam.',1,'2016-03-06 09:50:36','2012-06-05 08:04:40'),(137,81,14,'Ea doloremque recusandae deserunt autem.',0,'1988-01-07 08:31:39','1991-04-25 23:31:24'),(138,14,98,'Inventore est tempora id rerum saepe.',1,'2000-07-08 02:19:28','1985-07-20 14:56:41'),(139,34,75,'Et et et aspernatur rerum sed eos quia.',1,'1979-04-05 03:46:25','2020-05-09 14:58:18'),(140,18,16,'Velit rerum eos enim itaque ea beatae.',0,'2018-11-25 13:19:55','2007-12-29 07:58:50'),(141,38,75,'Consectetur sapiente enim perspiciatis aut atque illum quia.',1,'1999-12-09 12:50:16','1996-12-27 00:41:51'),(142,63,45,'Accusamus voluptatibus vel similique aut consequatur eum et.',0,'1982-03-20 20:40:34','2018-07-12 16:39:36'),(143,42,60,'Mollitia et molestiae quae.',0,'1977-09-05 13:19:32','1979-01-09 17:02:16'),(144,18,28,'Reprehenderit molestiae occaecati illum ut consequatur rerum architecto vitae.',0,'2017-10-18 01:34:44','2018-06-02 01:11:40'),(145,100,17,'Possimus rerum placeat nostrum est.',0,'2017-05-21 22:47:47','2001-12-20 05:34:13'),(146,36,59,'Quisquam unde deleniti asperiores nemo doloribus est.',1,'1995-02-18 20:33:01','1979-12-16 10:39:23'),(147,74,83,'Itaque ducimus et quo suscipit nostrum.',1,'1987-03-31 18:44:53','1998-05-09 10:35:12'),(148,31,12,'Ipsum libero fugit tenetur totam corrupti delectus harum.',0,'1984-09-18 10:49:10','2013-07-15 20:16:41'),(149,4,94,'Natus consequatur distinctio explicabo recusandae similique.',0,'2010-02-19 11:48:11','1982-02-27 23:49:38'),(150,6,48,'Ea voluptas quod eum temporibus repudiandae ab enim eligendi.',0,'2006-08-16 03:31:37','2002-04-03 15:40:15'),(151,68,46,'Minus sed dignissimos vel accusantium labore.',1,'1975-01-25 18:27:00','1971-01-31 03:46:48'),(152,84,48,'Consequatur eligendi totam qui sapiente voluptatem et.',1,'1974-01-03 21:29:49','2017-10-22 19:59:47'),(153,60,98,'Deleniti aut cum incidunt animi similique omnis sed.',0,'1999-07-04 07:10:25','1992-12-01 00:40:02'),(154,46,93,'Dolore impedit modi eaque qui a.',1,'1998-10-11 14:31:20','1994-05-22 11:45:07'),(155,73,63,'Quia praesentium ea aut error explicabo illo consectetur error.',0,'1998-02-17 13:44:57','1980-05-04 19:50:24'),(156,9,10,'Qui totam fugit libero dolor vel est.',1,'1998-04-24 20:54:07','2008-09-07 18:03:23'),(157,38,71,'Illum ut sit eum quia.',1,'2010-02-09 02:58:30','2007-03-21 04:34:38'),(158,55,80,'Alias similique voluptatem fugit quidem incidunt quia velit possimus.',0,'2009-12-16 21:52:40','1985-10-29 14:33:01'),(159,31,72,'Nisi aut molestias consequatur omnis similique sit vero.',1,'1996-05-31 07:50:41','2011-07-30 13:01:27'),(160,7,30,'Veniam nihil nihil et ipsam itaque voluptas facilis nihil.',0,'2019-01-08 17:18:35','2007-05-02 19:33:41'),(161,89,43,'Quaerat sunt autem consequatur ratione optio quidem magnam autem.',1,'1971-09-20 23:45:09','1988-11-12 06:04:40'),(162,89,62,'Omnis natus quia error voluptas odit dicta repellat.',0,'1970-12-06 08:02:11','1978-01-21 11:32:05'),(163,25,20,'Fuga perferendis mollitia ullam cupiditate modi nihil eaque laborum.',1,'1986-03-20 03:38:08','1991-01-15 03:36:10'),(164,74,29,'Accusantium quia corporis sunt ab molestiae illo.',1,'2018-09-21 02:19:44','1997-07-19 01:31:41'),(165,13,79,'Unde quo quos nihil officiis.',1,'2014-10-16 06:23:35','1988-02-28 09:29:45'),(166,76,81,'Autem atque veniam est eum dolore nam.',0,'2006-09-12 16:23:35','2000-07-23 19:14:07'),(167,24,60,'Maxime dolorem nihil assumenda non sit occaecati voluptatem.',0,'1990-06-29 15:16:03','1980-12-07 08:51:32'),(168,29,83,'Aliquam ut doloribus qui nobis possimus.',1,'1971-09-01 11:04:35','2016-10-27 22:59:10'),(169,58,74,'Ducimus beatae beatae dolor enim aut dolores dolorem.',1,'1978-04-21 18:36:31','2011-08-23 20:41:18'),(170,75,30,'Beatae voluptate et dolor inventore natus et.',1,'1981-07-26 23:28:08','1984-08-25 16:54:00'),(171,37,84,'Ducimus ipsa placeat ut delectus dolores delectus.',1,'1986-07-09 01:05:39','1999-01-16 13:08:05'),(172,40,74,'Nostrum unde doloremque non id ut cupiditate dolores.',1,'2008-10-02 10:23:49','1984-02-01 14:22:09'),(173,54,94,'Ea repellendus error voluptas debitis perspiciatis voluptatibus.',1,'2004-11-19 16:56:49','1992-08-12 21:06:45'),(174,53,85,'Aut sit suscipit ut dolorem velit non tempora.',0,'1991-06-01 07:55:22','2008-12-28 19:10:46'),(175,66,60,'Voluptas voluptatum at dolorem optio voluptatem.',0,'1977-04-06 16:52:26','2011-05-29 01:32:05'),(176,14,54,'Rerum commodi laborum omnis amet id nam enim.',0,'1971-05-06 16:42:28','1995-09-10 01:33:42'),(177,2,3,'Eos porro rerum optio corporis laborum.',0,'2009-12-13 14:52:17','1975-11-11 21:34:24'),(178,16,27,'Nobis sint et perspiciatis eum earum eligendi.',0,'1981-07-17 06:23:41','1990-11-05 16:43:38'),(179,22,90,'Non quasi dolores error quas a nulla.',0,'1978-12-30 06:27:29','1985-01-14 06:52:43'),(180,55,35,'Doloribus in praesentium non est dolores veritatis.',0,'1989-10-31 10:27:45','1998-10-05 20:07:01'),(181,69,31,'Harum perferendis hic voluptatem asperiores.',1,'1984-09-29 20:18:50','1981-03-10 19:12:23'),(182,15,92,'Quia aspernatur nesciunt velit consectetur.',1,'1976-12-11 13:50:27','2003-05-21 02:39:54'),(183,90,43,'Error architecto in officiis voluptatibus asperiores.',1,'2008-03-30 08:57:16','1987-06-26 03:35:41'),(184,75,48,'Nulla ipsa et iusto dolorem.',1,'1971-02-22 02:15:24','1999-04-09 01:59:32'),(185,16,50,'Et illum reiciendis iste consequatur fugit.',1,'2008-01-01 01:12:43','2011-06-26 01:11:58'),(186,77,52,'Accusantium provident earum ut delectus veritatis omnis ea dolorem.',1,'2013-10-12 15:01:38','1986-01-04 20:43:02'),(187,33,16,'Enim ratione ducimus consectetur saepe modi aut.',1,'1978-05-19 05:23:52','1974-02-06 22:52:31'),(188,26,87,'Cumque at aperiam amet sunt.',1,'1983-05-11 18:05:34','1985-05-10 11:09:48'),(189,10,78,'Qui velit odit accusamus cum atque rem voluptas.',0,'2011-09-27 14:06:05','2010-08-31 01:38:48'),(190,71,75,'Voluptatibus reprehenderit tempore et dolorem laudantium ut.',0,'1994-10-24 06:09:54','1982-01-17 17:59:08'),(191,37,85,'Consequuntur quos maiores placeat quas.',1,'1983-04-09 10:21:31','1996-07-18 08:34:40'),(192,29,39,'In voluptatem dolorum tenetur.',0,'1970-02-18 09:45:36','2002-07-14 05:03:15'),(193,87,44,'Voluptate dolorum vel consectetur sed.',0,'2012-03-13 09:52:36','2000-08-09 17:42:31'),(194,65,8,'Velit ipsa laboriosam nulla aut.',1,'1973-12-03 07:03:21','1973-05-10 17:58:01'),(195,34,19,'Eos a nam quo autem inventore.',1,'2001-11-04 20:02:08','1985-07-09 01:38:39'),(196,42,2,'Qui porro eum maiores qui velit et.',1,'1987-03-19 04:54:27','2000-01-29 03:38:29'),(197,50,57,'Delectus vitae voluptatum occaecati unde aut.',0,'2010-06-29 19:58:59','1979-07-02 16:59:26'),(198,94,40,'Nobis eveniet saepe voluptatum rerum.',1,'1973-06-07 02:24:07','1990-07-10 02:19:12'),(199,99,68,'Minima et dolorem possimus et et sit.',0,'1993-12-02 17:49:37','2014-10-13 23:45:29'),(200,87,15,'Magnam nihil sit perferendis.',0,'2020-07-17 12:16:28','1996-07-02 11:30:28');
/*!40000 ALTER TABLE `messages` ENABLE KEYS */;
UNLOCK TABLES;

--
-- Table structure for table `profiles`
--

DROP TABLE IF EXISTS `profiles`;
/*!40101 SET @saved_cs_client     = @@character_set_client */;
/*!40101 SET character_set_client = utf8 */;
CREATE TABLE `profiles` (
  `user_id` bigint(20) unsigned NOT NULL,
  `gender` enum('f','m','x') COLLATE utf8mb4_unicode_ci DEFAULT NULL,
  `birthday` date NOT NULL,
  `photo_id` int(10) unsigned DEFAULT NULL,
  `city` varchar(130) COLLATE utf8mb4_unicode_ci DEFAULT NULL,
  `country` varchar(130) COLLATE utf8mb4_unicode_ci DEFAULT NULL,
  PRIMARY KEY (`user_id`),
  CONSTRAINT `profiles_ibfk_1` FOREIGN KEY (`user_id`) REFERENCES `users` (`id`)
) ENGINE=InnoDB DEFAULT CHARSET=utf8mb4 COLLATE=utf8mb4_unicode_ci;
/*!40101 SET character_set_client = @saved_cs_client */;

--
-- Dumping data for table `profiles`
--

LOCK TABLES `profiles` WRITE;
/*!40000 ALTER TABLE `profiles` DISABLE KEYS */;
INSERT INTO `profiles` VALUES (1,'m','1990-08-18',67,'East Spencer',''),(2,'x','1990-10-13',214,'Ricestad','4738816'),(3,'f','1988-07-03',220,'Lake Destinimouth','1'),(4,'x','2008-12-24',92,'North Adolf','8701467'),(5,'f','1986-08-13',230,'Skileschester','146250465'),(6,'m','1991-06-02',2,'Romanton','489'),(7,'m','2001-01-22',48,'Willmsview','4352'),(8,'m','2003-02-11',228,'Tanialand','895638'),(9,'x','2020-03-28',21,'Macejkovicstad','95585382'),(10,'m','2015-01-04',50,'East Hardy','2243929'),(11,'m','1980-02-01',225,'East Abe','49424'),(12,'f','1974-10-13',247,'South Citlalliview','191246'),(13,'x','1973-02-03',123,'Amanifort','7432297'),(14,'m','1993-05-03',248,'Abagailtown','9310091'),(15,'x','1990-05-16',67,'Leraberg',''),(16,'m','1996-01-19',111,'Jastborough','881315683'),(17,'m','1988-07-24',234,'East Tanner','569183'),(18,'f','2000-05-30',49,'West Meggie','43550'),(19,'m','1998-05-26',151,'Belleborough','64001333'),(20,'x','1978-06-08',203,'Port Lonzo','818'),(21,'m','1991-03-17',189,'DuBuqueburgh','46988'),(22,'f','1986-03-15',131,'Lake Skyefurt','9429'),(23,'x','1987-02-07',202,'South Liachester','6569300'),(24,'f','2005-06-28',233,'Prosaccoville','82579226'),(25,'f','2013-10-21',50,'South Keagan','89856'),(26,'x','1989-01-20',117,'Elinoreview','91189'),(27,'m','2008-01-11',41,'North Bradview','92'),(28,'m','2011-05-07',54,'Nadiaville','372771'),(29,'x','2010-12-14',118,'Jacobsbury','5318'),(30,'f','1984-07-10',125,'Barbarachester','701451'),(31,'f','2012-02-04',73,'New Herminia','6'),(32,'m','1982-12-04',185,'South Henritown','555066'),(33,'m','1983-11-27',89,'Juliemouth','9360'),(34,'f','2005-05-12',42,'Joeyfort','92294297'),(35,'m','2011-02-09',26,'Danefort','8605428'),(36,'x','1983-09-18',69,'Jonesstad','991482'),(37,'x','2017-09-25',44,'Randifurt','82'),(38,'f','2002-03-04',74,'Raymundohaven','881'),(39,'x','2010-05-04',46,'West Jacinto','8459'),(40,'f','1986-03-06',64,'Florianville','5'),(41,'m','1983-04-21',123,'Port Foster','36300267'),(42,'f','1973-11-18',20,'North Joshua','6591819'),(43,'f','1975-12-11',61,'South Anabelleton','81694742'),(44,'x','1979-11-25',246,'South Millershire','19'),(45,'f','2015-11-17',18,'Lake Tiastad','60251'),(46,'m','1982-01-31',128,'Caterinachester','3'),(47,'f','1988-02-21',106,'Raeganmouth','16'),(48,'m','1994-06-10',1,'Roobmouth','2999'),(49,'x','2014-06-01',176,'North Javon','3547738'),(50,'f','1990-11-10',7,'Breanneborough','11'),(51,'f','1974-01-22',203,'Deckowstad','10'),(52,'x','1998-09-07',115,'Port Orashire','7029'),(53,'m','2013-12-05',138,'Justenburgh','98896760'),(54,'m','1987-02-27',155,'South Santosburgh',''),(55,'m','1978-08-30',98,'Friesenfurt','77341620'),(56,'f','2018-07-11',188,'Creminland','3948660'),(57,'m','1971-11-08',22,'Flatleyland','65'),(58,'m','2002-05-13',138,'Shaniamouth','5186'),(59,'x','1997-12-31',241,'Helenport','4443689'),(60,'x','1990-09-03',140,'New Hillard','721'),(61,'x','2013-04-02',13,'Port Alexahaven','78780'),(62,'m','1970-04-30',63,'North Humbertohaven','45'),(63,'m','1991-08-20',74,'Feilborough','371'),(64,'m','1974-04-28',101,'Revaport','230663584'),(65,'f','1974-11-09',105,'New Jarenshire',''),(66,'m','1988-01-31',100,'Bridgetmouth','6377'),(67,'f','2005-12-18',170,'Port Elsaborough',''),(68,'x','1992-08-13',148,'Lake Guiseppeville','894870577'),(69,'f','2019-12-03',173,'Port Sanfordville','95049429'),(70,'x','2004-07-24',215,'North Rudolphville','1'),(71,'f','2005-06-24',212,'Port Ryleybury','4386'),(72,'m','1998-11-10',45,'Tryciabury','19'),(73,'x','1999-08-21',235,'South Sydnimouth','6007'),(74,'f','2007-08-24',22,'Wardton','2557438'),(75,'f','2008-02-04',40,'Gibsonfurt','9746'),(76,'x','2005-11-04',2,'South Lori','5868578'),(77,'x','2002-04-06',149,'South Rod','91076095'),(78,'m','1992-02-02',146,'Gayleberg','80'),(79,'x','2012-05-31',2,'New Destineyborough','99'),(80,'m','1991-01-15',75,'New Jayme','67'),(81,'m','1982-02-06',153,'South Favianchester','2'),(82,'m','1999-04-04',205,'Zariashire','241'),(83,'m','1999-04-30',189,'New Carleeview',''),(84,'f','2010-01-24',40,'Anaistown','64174742'),(85,'x','1973-01-04',110,'East Kyra','10'),(86,'f','1985-04-19',36,'Adrianaberg','1588210'),(87,'m','1987-06-07',227,'East Madilynmouth','5'),(88,'f','1993-04-05',131,'North Gerardoton','400'),(89,'x','1996-06-15',174,'Idellatown','44'),(90,'m','1974-02-14',218,'Lake Tremaineton','930477'),(91,'f','1975-04-28',20,'Lebsackmouth','3558'),(92,'f','2018-04-29',186,'North Joesphmouth','31615'),(93,'x','2017-02-23',31,'Catalinaburgh','9428'),(94,'x','2010-07-12',93,'South Kelli','17'),(95,'x','1978-08-17',37,'New Rhea','6'),(96,'x','1980-05-08',135,'Suzanneland','926407'),(97,'f','1999-03-03',193,'Garfieldhaven',''),(98,'f','1997-03-17',206,'Deronchester','72371'),(99,'m','2002-08-27',33,'North Rozellaview','567447823'),(100,'f','1992-07-17',115,'Bodemouth','8');
/*!40000 ALTER TABLE `profiles` ENABLE KEYS */;
UNLOCK TABLES;

--
-- Table structure for table `users`
--

DROP TABLE IF EXISTS `users`;
/*!40101 SET @saved_cs_client     = @@character_set_client */;
/*!40101 SET character_set_client = utf8 */;
CREATE TABLE `users` (
  `id` bigint(20) unsigned NOT NULL AUTO_INCREMENT,
  `firstname` varchar(50) COLLATE utf8mb4_unicode_ci NOT NULL,
  `lastname` varchar(50) COLLATE utf8mb4_unicode_ci NOT NULL COMMENT 'ФАМИЛИЯ',
  `email` varchar(120) COLLATE utf8mb4_unicode_ci NOT NULL,
  `phone` char(11) COLLATE utf8mb4_unicode_ci NOT NULL,
  `password_hash` char(65) COLLATE utf8mb4_unicode_ci DEFAULT NULL,
  `created_at` datetime NOT NULL DEFAULT current_timestamp(),
  PRIMARY KEY (`id`),
  UNIQUE KEY `id` (`id`),
  UNIQUE KEY `email` (`email`),
  KEY `users_email_idx` (`email`),
  KEY `users_phone_idx` (`phone`)
) ENGINE=InnoDB AUTO_INCREMENT=101 DEFAULT CHARSET=utf8mb4 COLLATE=utf8mb4_unicode_ci;
/*!40101 SET character_set_client = @saved_cs_client */;

--
-- Dumping data for table `users`
--

LOCK TABLES `users` WRITE;
/*!40000 ALTER TABLE `users` DISABLE KEYS */;
INSERT INTO `users` VALUES (1,'Mateo','Morar','ashleigh.kuhlman@example.org','1-156-269-7','eccf7d95381a6c214e27a5dbcd3d45cc6c6f39ad','1983-11-21 18:05:33'),(2,'Chloe','Mayer','otho59@example.com','(723)165-93','865d5a5b9f72f7fc92f8ba25b4dd5d17143a4db0','1988-11-04 22:37:51'),(3,'Bradford','Rutherford','jpollich@example.com','(957)128-62','9e6481aff33b81486dd3ac789c3abc944bc52616','1976-02-09 21:25:57'),(4,'Jamaal','Considine','ibecker@example.com','552-570-311','11fc8e0ca693516cebcd7d177b26f76121ff4dab','2003-09-21 08:58:20'),(5,'Amanda','Monahan','remington.hilll@example.com','721-720-111','30a7b73f6130bfe58ed4102cce7bda5e58a65d14','1992-11-28 10:36:16'),(6,'Carole','Hyatt','reilly.brooklyn@example.net','438.084.229','ea559dead2f7b2f5713ad911e35625b6c0fb16d8','1973-10-11 08:37:40'),(7,'Hermann','Murphy','kuhic.precious@example.net','1-595-585-1','f66fcfe1226239b0b42e27343009400106d03023','1976-01-16 19:09:16'),(8,'Pansy','Wilkinson','zwunsch@example.com','+72(6)57564','ff59a25ebcfd015509a00e6327e5903182e4eb0f','1987-01-28 12:08:20'),(9,'Rebecca','Runolfsdottir','rath.shania@example.com','456-003-569','d4f41f675527fa52348d8991f80dbec6ab90104d','2012-03-04 00:00:00'),(10,'Lincoln','Lemke','moriah.raynor@example.net','023-591-006','0b674571c86afa87be97e8fcfc895c6bae1a62b5','1998-04-06 17:18:46'),(11,'Reid','Bednar','adele12@example.org','1-072-585-0','042dd6ca616c5018472edf74298559ac01588fa4','1986-07-21 15:14:28'),(12,'Kyle','Sipes','chaag@example.com','(440)078-21','0d45651c63a1f8568c397ceb32b6be2f11d98698','1973-08-17 13:34:01'),(13,'Lavada','Tremblay','nelle.kuhlman@example.com','+35(2)36273','f3b004fcff6e453ef3c1da57690282c753151793','2000-06-26 23:40:02'),(14,'Faye','Koch','bryce84@example.com','(893)025-55','193b515d1c822a3a905186dc34cdd18754f8c607','2008-04-13 17:54:48'),(15,'Magdalen','Feeney','sadie32@example.net','1-222-445-7','6a7c3ba0eaee614484c3f664aec5696460360a1f','2012-02-29 22:44:22'),(16,'Makayla','Wuckert','kbalistreri@example.com','374-058-248','17ac7d7ae1c20ed38f2a51630de7936d9f9a305b','2018-02-10 19:40:59'),(17,'Brooke','Cole','jakob03@example.com','201-072-728','660b6a64d0507ce24ffc5ab592b1b583130b3624','2007-10-17 00:56:57'),(18,'Golden','Ernser','kiehn.ashtyn@example.net','06732107288','50d6e56fc0b2a611e0b90aa68d18fa35b5f81d70','1990-11-06 06:18:47'),(19,'Geoffrey','Brown','elta.collier@example.org','678.020.426','6bea2ec80c6e31effd6e62fb29c1de7d921445a7','1972-04-10 21:43:20'),(20,'Jennifer','Barton','kolby11@example.com','1-175-083-3','8cf2304e0a8d81bc1c333bbd4f83dc4455a44d30','2006-07-11 04:26:41'),(21,'Rhianna','Beer','gibson.ned@example.org','1-242-470-7','bc04ab6142ff164e3ff5b7d05fe3d5a382eaa264','2019-04-23 00:25:17'),(22,'Roselyn','Altenwerth','roob.susana@example.net','614.848.937','c7ae517f42ef83b178ad89adfa6da833723eba4a','1994-06-26 02:40:33'),(23,'Freddie','Wisozk','zelma33@example.org','02694709179','73e7ebbd2ef90fae173395dcba24207073c9bbcc','2010-07-27 04:52:21'),(24,'Jedediah','Bergstrom','dwolff@example.org','1-881-533-0','25f428c04b1850496afbc6aae9b4158e3cfb7c85','1975-08-11 04:32:02'),(25,'Stella','Bins','jalen.cormier@example.org','532-203-048','eb997208383f05a6dfdb3f5679275aae72f0f3ad','1977-08-21 22:40:44'),(26,'Clementine','Sauer','wisozk.rosetta@example.org','1-917-636-6','cabaab0fbe0b4343a19eb4339e3a0715928923c5','1996-11-03 11:29:16'),(27,'Lew','Klein','stoltenberg.naomie@example.net','407.749.880','3061fbcb1a2da5bc1aa6d9ba4334afc9e592da87','1984-11-13 12:33:07'),(28,'Michelle','Braun','leland.feil@example.net','(429)477-86','e02a45408d776edd39377b7baf912e34bbd7a43d','2010-11-14 07:34:11'),(29,'Ethyl','Brown','xwehner@example.org','100.267.780','e4f1bcd99672ec28e05ddaacc5469f5f6d53b5cc','1992-09-23 05:32:15'),(30,'Nicholaus','Abshire','murray.newell@example.net','(914)515-11','6680383a5442421d56024a2ac1cd6da2732b407c','2016-08-13 12:53:29'),(31,'Lisette','Schmitt','trisha.rosenbaum@example.com','699-133-042','762bf243b16e0f8455575dcff4969094208f277e','2007-04-13 05:38:11'),(32,'Julianne','Schoen','hulda28@example.net','1-271-557-0','20d488cc9a277653da450a412bd3f36552c1838d','1984-12-03 02:21:19'),(33,'Otha','Hettinger','clabadie@example.net','(643)900-25','a03487105e7e09b941e44970db9a716d05dc1d48','1970-11-26 00:39:39'),(34,'Malvina','Ward','vcasper@example.com','02622355848','ab24c19994a10280d67aa5def8ee3d18752af1e7','2011-04-29 04:37:46'),(35,'Dariana','Kuhn','blake61@example.org','647-206-402','1029ab8792fe0b115138572d4b8c2df56108fa9c','1970-10-09 22:46:50'),(36,'Irving','Mann','brown.garrick@example.net','1-422-630-4','6d01ee89a65a6fdedfb8814701a2b592e0a667fb','2016-12-27 14:15:52'),(37,'Candace','Corwin','donnelly.godfrey@example.org','227.155.803','0e758b66e7dafac672f59c2e42b2b725566f0fd8','2008-01-31 17:48:33'),(38,'Aylin','Cronin','vpfeffer@example.net','(296)585-60','6e2aeea6e7ea3bc50523b1aa97a337b58efe1bd5','2009-04-22 18:41:41'),(39,'Tommie','Farrell','nschmidt@example.net','08047280860','f412701bc4dae81e5fc0952024296be6bb91e381','2004-11-30 01:45:46'),(40,'Bartholome','Erdman','kim96@example.org','115.000.036','95e4bddf419ce052e5e2437cfff998ae74a386d3','2001-01-31 21:02:26'),(41,'Laney','Gulgowski','zcorkery@example.net','949-535-328','a17b1abdb8b40e1ab904dbd3f3669ea38c29f7bb','2002-05-13 15:40:39'),(42,'Marcella','Harber','mohr.chanelle@example.net','+13(6)17390','15b402d60f83bc354974a62c192493c865aaa5d4','2002-10-05 11:52:19'),(43,'Freeman','Kirlin','werner.jacobi@example.com','(678)559-51','4ea27f6b07f553f5287a0579eb3332bcdced153b','2018-05-03 00:07:09'),(44,'Elza','Cruickshank','rwiegand@example.org','(607)178-40','0ddd32d433c933513921cfd782d9ad713347a2e0','2017-01-12 14:04:31'),(45,'Emmy','Welch','shields.wanda@example.com','(013)806-66','47d47a4155d67e886d9e247bf922618557a19ffb','1981-11-26 01:42:36'),(46,'Jeffry','Feil','nmurphy@example.org','027-908-578','d0a11ede060dcefa9afc69a8691f84f9d0e965c6','1972-09-29 01:59:09'),(47,'Alison','Walter','cecile.carroll@example.org','(365)267-91','4017902b48c412b3d9ec27d2dfe32d6441bb2aad','1981-12-26 12:43:14'),(48,'Eldred','Larson','megane18@example.com','09230313596','fa412f06f96e781a3513faee137b87a04484c2bd','2020-07-30 11:19:40'),(49,'Jordan','Stanton','trantow.emely@example.com','(634)383-35','9b83ab870acfa6e91ebde2ebbb0a4825edff5d6a','1984-09-03 20:37:04'),(50,'Lionel','Williamson','boyer.eduardo@example.com','1-248-244-1','c391ab8c3ee8a1b1a2918c78e01085620b45dbe3','1983-10-04 23:28:05'),(51,'Johnathan','Kirlin','keeling.luisa@example.org','1-627-253-7','6f13d829c8df511e0b37df5bd003f07392bfd0a8','1974-09-17 08:05:55'),(52,'Abel','Keebler','lkulas@example.com','012.856.987','c61d0c8d31a14febf758299d4c9390c0d3ddfa81','2001-03-14 23:41:43'),(53,'Ronny','Russel','rokuneva@example.com','+55(8)01360','16a27ec9762cfc2ee92296c3c4097eff2468601b','1981-08-27 20:53:55'),(54,'Armand','Bode','ferry.nicolette@example.com','03627508283','cc44015949ae0e5de677ad099017cd09935bd024','2012-09-27 10:19:15'),(55,'Eleanore','O\'Conner','madonna14@example.com','308.039.809','4a8d93bb1f69a6c70a4bdd15c669d5357728e229','2004-09-13 20:24:19'),(56,'Amos','Kautzer','othiel@example.org','544-219-208','d2bb8b025bae28e6192bd21b563329a4fb34a21e','1983-10-13 20:29:30'),(57,'Serena','Bechtelar','iwalsh@example.com','1-934-344-9','08941bb6483277587acfe2472550a66a3fb46b90','1991-07-05 10:25:59'),(58,'Elisa','O\'Connell','dejon41@example.net','+84(1)76965','19a37c402e80f73e220451986fe3bb8a2d6d5fa2','1973-03-18 03:57:59'),(59,'Karl','Olson','joannie.harvey@example.org','1-586-462-7','d7b5f925a06417b01e6a2dbb8f0f76d528c89577','2014-02-11 12:09:08'),(60,'Beau','Ondricka','howe.german@example.com','673-071-143','35abe0652a284e5168d14313b8a0ad011f594a36','1994-11-20 17:57:19'),(61,'Adeline','Ullrich','lonny.olson@example.com','(651)396-86','0d88fd4b2389b35ca59384becb0f0bf08c0118db','1998-09-05 07:22:43'),(62,'Johnathan','Mosciski','roxane61@example.org','614.331.455','607b0f68fbd8de5b850fdfcd214cb05720fe12d7','1970-10-01 07:43:08'),(63,'Clifton','Howell','tremblay.madaline@example.com','(068)762-59','7d1f649e1f313110362fece783501d49b7b464ca','1989-09-04 14:16:06'),(64,'Arlene','Casper','antwon51@example.com','1-121-468-4','da1ecdadddb7436e141488aa1b1528e9898407ea','2021-01-14 11:58:57'),(65,'Darian','Steuber','eugene.green@example.net','051-984-076','8b9794cd299635d3386eabe7430299be319152a2','1972-04-22 06:39:38'),(66,'Van','Fadel','katrina.ledner@example.com','07627202648','b00ae78cc97650dc64db0d02a4025dc2b966487b','2010-05-21 18:24:03'),(67,'Cleta','Goldner','carlotta29@example.org','922-084-702','290b5df8f4a19ce75e336c17124070ac3079efff','1972-08-05 04:07:58'),(68,'Claude','Jast','rdaugherty@example.org','1-271-375-9','9dce7cc3f094a5837d8c0a09a02c99c4cf9710c6','2018-01-06 13:07:12'),(69,'Spencer','Jacobi','heloise.funk@example.net','(306)919-14','33bf2db174cfe6d8cbc8a89707ec0bee4d1f5bc6','1985-06-03 09:53:44'),(70,'Kurt','Fisher','abdul.mccullough@example.net','1-329-115-3','fcfcea7ff4febc595b4fe067ea1545d719ef087a','2013-08-31 16:21:33'),(71,'Quentin','Lehner','madaline26@example.net','575.009.006','3d61712db63148009e45368b7912849bf26103c5','2014-10-23 10:20:04'),(72,'Mireya','Considine','xdaugherty@example.net','1-740-189-8','4306b60b978afbbbb1613b2850647db77d00f4d9','1974-01-13 12:41:59'),(73,'Hillary','Trantow','blair42@example.net','(839)512-09','4d0c6d13053424be3aed1c8456b2dd1cc8895f5b','1972-06-11 23:07:45'),(74,'Jailyn','Harris','brody.rodriguez@example.org','(212)674-85','3feba43363c91b473cce1a523121f7eb41dad4ca','2019-04-04 17:43:29'),(75,'Judd','Pagac','fmohr@example.net','203-063-998','1a07dc38f4dcd36e1446fdefce9b5c0155bd6d57','1980-04-20 17:06:34'),(76,'Raphael','Feest','tressa86@example.net','+45(5)29878','bacd4e5b2a7ee6d4e09a53cf93765af8427d43c8','1990-03-17 08:49:36'),(77,'Era','Kuhn','dromaguera@example.net','(441)442-55','103bd4f6b57fdb1b9a25f954b215ff66f1ddc658','1982-03-18 07:37:28'),(78,'Liliane','Turner','morar.leilani@example.com','1-607-081-3','ef9a8527d11216fd7d8ae1c02fa71e49b2f6eb40','1998-03-14 19:01:01'),(79,'Gerry','Feeney','laurence01@example.org','239-539-340','d0b98fa82cc048d9eac45809933f16e618084a82','1979-11-19 11:02:48'),(80,'Doug','Spinka','jed66@example.net','1-960-100-2','92ca88e160724e113882e734ba40a30204fdafda','2017-06-05 13:57:35'),(81,'Dell','Johnston','parisian.domenic@example.org','016.358.013','9e053834b366474227a4aa0bc3322e8c5c96ca18','2013-05-23 21:41:51'),(82,'Raymond','Kessler','ppredovic@example.org','1-467-635-7','bfeabbe63ec487bd461ea5d3a93ed27659102373','1980-01-28 09:08:55'),(83,'Warren','Fisher','melvina44@example.net','1-795-128-3','7f6ae5db402a18e238a58d75869933ae592803d1','2019-02-16 08:32:54'),(84,'Dayna','Hills','mariane34@example.org','548-718-388','c3cbb1ad874f1ebf76d767858cac060880f17578','2013-09-18 20:03:40'),(85,'Katlynn','Shanahan','boyer.sienna@example.org','067.985.469','7a488a5fffc5a4806ab399650d3c4260f3df0edb','1987-12-06 22:16:43'),(86,'Laurel','Rosenbaum','monica66@example.net','08101746976','fdd768ab142060b4627eb40630af9bf8f8665ec7','1988-07-14 06:38:53'),(87,'Bailee','Rolfson','joan.kulas@example.org','336-858-673','413455a1b7e77f61ef224c36e562d78edc2e90ba','2001-10-24 00:19:44'),(88,'Vita','Marquardt','okuneva.wanda@example.com','801.081.774','7f12d1b4061f8207cb880b5ec108ef8212694e1b','2015-02-22 12:46:19'),(89,'Elizabeth','Macejkovic','meredith.jerde@example.com','1-267-648-4','23d36c51ae669781c26f8d336d5e410230d8f631','1985-05-20 00:58:22'),(90,'Eulah','Keebler','bailee62@example.com','846-141-163','6ab6e0c445c20ad49da83a5f7254c0114b09785e','2007-08-22 06:24:29'),(91,'Ayana','Reynolds','okuneva.woodrow@example.org','(602)061-06','d20ab0583bfdee3710fc57ae26e2a8f4369a0742','1985-03-17 10:07:27'),(92,'Aliza','Collins','cynthia.schoen@example.net','00637810456','aab467b9867990bb2568ee6bd99dc54fbc3465d1','2000-08-04 12:46:19'),(93,'Shannon','Ward','o\'conner.elinor@example.net','1-754-950-0','276d020c7ba54a25c91ef80c4f851bb6ecec4837','2008-07-20 13:55:24'),(94,'Meda','Larkin','fisher.tiffany@example.com','517.656.396','453ae5f5d33cddb753b748581722a27ad1473286','1982-12-21 14:33:29'),(95,'Lelia','Murazik','goodwin.gilbert@example.net','404-302-168','61f6fd18f92f93b7b8f70227b4ac63ce7bb4c11e','1987-03-10 03:20:42'),(96,'Evan','Dooley','fbogisich@example.org','412.444.277','b0b1d9cae2cb400a18eb03a5258162b970e5a7d4','2017-11-09 12:58:09'),(97,'Kristoffer','Gorczany','katelyn.davis@example.org','326-430-280','27e5cc2a155f49708c08dc926563f48404ee81b5','2005-03-23 18:41:01'),(98,'Anastacio','Jacobi','wiegand.austyn@example.com','+10(9)69204','1df818206237e3f7ce1aeb373e5593ac721a3ad6','1977-01-23 01:45:09'),(99,'Savion','Eichmann','vkuhn@example.net','1-821-378-1','0255c03e0367feb1035b903c714da8c094b73798','1991-03-15 18:02:03'),(100,'Jeromy','Murphy','kristoffer35@example.net','1-130-960-2','4c41144c60adc15b270c5b6fb71b51ad9ea3b00b','1998-05-24 20:57:10');
/*!40000 ALTER TABLE `users` ENABLE KEYS */;
UNLOCK TABLES;
/*!40103 SET TIME_ZONE=@OLD_TIME_ZONE */;

/*!40101 SET SQL_MODE=@OLD_SQL_MODE */;
/*!40014 SET FOREIGN_KEY_CHECKS=@OLD_FOREIGN_KEY_CHECKS */;
/*!40014 SET UNIQUE_CHECKS=@OLD_UNIQUE_CHECKS */;
/*!40101 SET CHARACTER_SET_CLIENT=@OLD_CHARACTER_SET_CLIENT */;
/*!40101 SET CHARACTER_SET_RESULTS=@OLD_CHARACTER_SET_RESULTS */;
/*!40101 SET COLLATION_CONNECTION=@OLD_COLLATION_CONNECTION */;
/*!40111 SET SQL_NOTES=@OLD_SQL_NOTES */;

-- Dump completed on 2021-06-16 15:18:56
